label,precision,recall,f1,tp,fp,fn
ADV,0.6666666666666666,1.0,0.8,2,1,0
EMO,1.0,0.3333333333333333,0.5,1,0,2
FAM,0.5,1.0,0.6666666666666666,1,1,0
FRI,1.0,1.0,1.0,1,0,0
JUS,0.75,0.75,0.75,3,1,1
NAT,0.0,0.0,0.0,0,2,0
NUL,1.0,0.7777777777777778,0.8750000000000001,7,0,2

macro_precision,0.7023809523809523
macro_recall,0.6944444444444444
macro_f1,0.655952380952381
micro_precision,0.75
micro_recall,0.75
micro_f1,0.75
exact_match,0.75
support,20