{
  "per_label": {
    "ADV": {
      "precision": 0.6666666666666666,
      "recall": 1.0,
      "f1": 0.8,
      "tp": 2,
      "fp": 1,
      "fn": 0
    },
    "EMO": {
      "precision": 1.0,
      "recall": 0.3333333333333333,
      "f1": 0.5,
      "tp": 1,
      "fp": 0,
      "fn": 2
    },
    "FAM": {
      "precision": 0.5,
      "recall": 1.0,
      "f1": 0.6666666666666666,
      "tp": 1,
      "fp": 1,
      "fn": 0
    },
    "FRI": {
      "precision": 1.0,
      "recall": 1.0,
      "f1": 1.0,
      "tp": 1,
      "fp": 0,
      "fn": 0
    },
    "JUS": {
      "precision": 0.75,
      "recall": 0.75,
      "f1": 0.75,
      "tp": 3,
      "fp": 1,
      "fn": 1
    },
    "NAT": {
      "precision": 0.0,
      "recall": 0.0,
      "f1": 0.0,
      "tp": 0,
      "fp": 2,
      "fn": 0
    },
    "NUL": {
      "precision": 1.0,
      "recall": 0.7777777777777778,
      "f1": 0.8750000000000001,
      "tp": 7,
      "fp": 0,
      "fn": 2
    }
  },
  "macro_precision": 0.7023809523809523,
  "macro_recall": 0.6944444444444444,
  "macro_f1": 0.655952380952381,
  "micro_precision": 0.75,
  "micro_recall": 0.75,
  "micro_f1": 0.75,
  "exact_match": 0.75,
  "support": 20
}